propertyid,quickrefid,description,area,class,actyrbuilt,effyrbuilt,bedrooms
62578,R000009,Main Area,1282.000000,R4,1996.000000,1996.000000,
62579,R000013,Covered Patio,168.000000,,2020.000000,2020.000000,
62580,R000016,Garage,420.000000,R4,1995.000000,1995.000000,
62582,R000019,Fireplace,1.000000,R4,1995.000000,2000.000000,
62588,R000039,Fireplace,1.000000,R4,1995.000000,1995.000000,
62588,R000039,Garage,462.000000,R4,1995.000000,1995.000000,
62588,R000039,Open Porch,114.000000,R4,1995.000000,1995.000000,
62589,R000040,Garage,820.000000,R4,1995.000000,1995.000000,
62589,R000040,Out Bldg,120.000000,,2010.000000,2010.000000,
62589,R000040,Open Porch,15.000000,R4,1995.000000,1995.000000,
62593,R000046,Main Area,674.000000,PD,1983.000000,1999.000000,
62595,R000051,Garage,462.000000,R4,1994.000000,1994.000000,
62597,R000069,Garage,441.000000,R4,1995.000000,1998.000000,
62597,R000069,Patio,81.000000,,1995.000000,1995.000000,
62599,R000072,Main Area,1394.000000,H1,1935.000000,1995.000000,
62599,R000072,Open Porch,18.000000,H1,,,
62601,R000088,Open Porch,30.000000,R4,1995.000000,1995.000000,
62604,R000102,Garage,420.000000,R4,1994.000000,2008.000000,
62606,R000107,Covered Patio,266.000000,,,,
62607,R000115,Open Porch,53.000000,R4,1994.000000,2001.000000,
62609,R000125,Main Area,1601.000000,R4,1993.000000,1993.000000,
62609,R000125,Open Porch,26.000000,R4,1993.000000,1993.000000,
62611,R000137,Patio,100.000000,,1994.000000,1994.000000,
62613,R000144,Garage,460.000000,R4,1994.000000,1994.000000,
62614,R000147,Open Porch,60.000000,R4,1994.000000,1994.000000,
62618,R000182,Garage,483.000000,R4,1995.000000,1995.000000,
62618,R000182,Patio,142.000000,,1995.000000,1995.000000,
62619,R000199,Main Area,1088.000000,R4,1996.000000,1996.000000,
62619,R000199,Patio,168.000000,,1996.000000,1996.000000,
62621,R000204,Garage,737.000000,R4,1994.000000,1994.000000,
62621,R000204,Open Porch,10.000000,R4,1994.000000,1994.000000,
62622,R000205,Open Porch,57.000000,R4,1995.000000,1995.000000,
62623,R000208,Main Area,1903.000000,R4,1995.000000,1995.000000,
62578,R000009,Second Floor,740.000000,R4,1996.000000,1996.000000,
62582,R000019,Open Porch,15.000000,R4,1995.000000,2000.000000,
62586,R000037,Garage,648.000000,R3,,,
62586,R000037,Second Floor,950.000000,R3,1986.000000,1986.000000,
62589,R000040,Deck,80.000000,,2011.000000,2011.000000,
62589,R000040,Main Area,1079.000000,R4,1995.000000,1995.000000,
62590,R000043,Fireplace,1.000000,R4,1995.000000,1995.000000,
62590,R000043,Garage,693.000000,R4,1995.000000,1995.000000,
62590,R000043,Open Porch,12.000000,R4,1995.000000,1995.000000,
62592,R000045,Fireplace,2.000000,R4,1995.000000,1995.000000,
62592,R000045,Main Area,1553.000000,R4,1995.000000,1995.000000,
62592,R000045,Second Floor,993.000000,R4,1995.000000,1995.000000,
62601,R000088,Patio,210.000000,,1995.000000,1995.000000,
62604,R000102,Covered Patio,300.000000,,,,
62605,R000104,Fireplace,1.000000,R4,1995.000000,2007.000000,
62605,R000104,Main Area,1115.000000,R4,1995.000000,2007.000000,
62606,R000107,Detached Garage,320.000000,,,,
62609,R000125,Garage,420.000000,R4,1993.000000,1993.000000,
62612,R000139,Main Area,1531.000000,R4,1994.000000,1994.000000,
62612,R000139,Open Porch,37.000000,R4,1994.000000,1994.000000,
62612,R000139,Patio,132.000000,,1994.000000,1994.000000,
62613,R000144,Main Area,892.000000,R4,1994.000000,1994.000000,
62613,R000144,Second Floor,950.000000,R4,1994.000000,1994.000000,
62616,R000167,Open Porch,31.000000,R4,1995.000000,1995.000000,
62621,R000204,Open Porch,184.000000,R4,1994.000000,1994.000000,
62622,R000205,Garage,462.000000,R4,1995.000000,1995.000000,
62622,R000205,Patio,185.000000,,1995.000000,1995.000000,
62623,R000208,Open Porch,70.000000,R4,1995.000000,1995.000000,
62623,R000208,Patio,237.000000,,1995.000000,1995.000000,
62626,R000231,Main Area,2106.000000,R4,1994.000000,1994.000000,
62629,R000243,Covered Patio,286.000000,,2020.000000,2020.000000,
62630,R000247,Fireplace,1.000000,R4,1996.000000,1996.000000,
62631,R000252,Deck,196.000000,,2022.000000,2022.000000,
62627,R000234,Patio,120.000000,,1994.000000,1994.000000,
62628,R000236,Fireplace,1.000000,R4,1996.000000,1996.000000,
62629,R000243,Fireplace,1.000000,R4,1993.000000,2000.000000,
62629,R000243,Out Bldg,221.000000,,2023.000000,2023.000000,
62633,R000266,Open Porch,50.000000,R4,1999.000000,1999.000000,
62635,R000272,Open Porch,36.000000,R4,1994.000000,2004.000000,
62637,R000289,Open Porch,15.000000,R4,1996.000000,1996.000000,
62639,R000313,Open Porch,88.000000,R4,1996.000000,1996.000000,
62640,R000318,Open Porch,18.000000,R4,1996.000000,1996.000000,
62643,R000336,Main Area,1403.000000,R4,1998.000000,1998.000000,
62649,R000378,Fireplace,1.000000,R4,1996.000000,2001.000000,
62649,R000378,Garage,444.000000,R4,1996.000000,2001.000000,
62650,R000383,Main Area,1052.000000,R4,1996.000000,1996.000000,
62652,R000398,Open Porch,296.000000,R4,1993.000000,1996.000000,
62653,R000399,Garage,441.000000,R4,1994.000000,1994.000000,
62656,R000432,Patio,356.000000,,1993.000000,1993.000000,
62657,R000434,Garage,714.000000,R4,1993.000000,1993.000000,
62657,R000434,Main Area,1946.000000,R4,1993.000000,1993.000000,
62658,R000448,Main Area,1732.000000,R4,1993.000000,1999.000000,
62659,R000452,Main Area,1582.000000,R4,1993.000000,1999.000000,
62661,R000469,Main Area,1340.000000,R4,1993.000000,1993.000000,
62664,R000496,Open Porch,15.000000,R4,1993.000000,2000.000000,
62666,R000504,Second Floor,987.000000,R4,1996.000000,1996.000000,
62666,R000504,Open Porch,94.000000,R4,1996.000000,1996.000000,
62669,R000556,Garage,420.000000,R4,1996.000000,1996.000000,
62669,R000556,Open Porch,59.000000,R4,1996.000000,1996.000000,
62672,R000581,Fireplace,1.000000,R4,1993.000000,1993.000000,
62674,R000587,Patio,70.000000,,,,
62675,R000599,Main Area,1115.000000,R4,1995.000000,2001.000000,
62675,R000599,Patio,228.000000,,1995.000000,1995.000000,
62676,R000600,Fireplace,1.000000,R4,1994.000000,1994.000000,
62680,R000654,Main Area,1621.000000,R4,1996.000000,2002.000000,
62578,R000009,Deck,44.000000,,,,
62578,R000009,Fireplace,1.000000,R4,1996.000000,1996.000000,
62580,R000016,Main Area,1912.000000,R4,1995.000000,1995.000000,
62581,R000017,Main Area,1638.000000,R4,1995.000000,2009.000000,
62582,R000019,Second Floor,1006.000000,R4,1995.000000,2000.000000,
62585,R000032,Open Porch,60.000000,R4,1995.000000,1995.000000,
62586,R000037,Enclosed Porch,323.000000,R3,,,
62586,R000037,Main Area,1562.000000,R3,1986.000000,1986.000000,2.000000
62586,R000037,Open Porch,91.000000,R3,,,
62588,R000039,Patio,214.000000,,2010.000000,2010.000000,
62590,R000043,Main Area,1723.000000,R4,1995.000000,1995.000000,
62595,R000051,Patio,264.000000,,1994.000000,1994.000000,
62601,R000088,Main Area,1440.000000,R4,1995.000000,1995.000000,
62603,R000098,Open Porch,57.000000,R4,1995.000000,1995.000000,
62605,R000104,Out Bldg,96.000000,,2017.000000,2017.000000,
62611,R000137,Fireplace,1.000000,R4,1994.000000,1994.000000,
62613,R000144,Fireplace,1.000000,R4,1994.000000,1994.000000,
62618,R000182,Open Porch,99.000000,R4,1995.000000,1995.000000,
62622,R000205,Enclosed Porch,288.000000,R4,2016.000000,2016.000000,
62622,R000205,Main Area,1684.000000,R4,1995.000000,1995.000000,
62623,R000208,Fireplace,1.000000,R4,1995.000000,1995.000000,
62626,R000231,Fireplace,1.000000,R4,1994.000000,1994.000000,
62629,R000243,Main Area,2450.000000,R4,1993.000000,2000.000000,
62630,R000247,Covered Patio,36.000000,,2009.000000,2009.000000,
62633,R000266,Main Area,1618.000000,R4,1999.000000,1999.000000,
62633,R000266,Second Floor,2029.000000,R4,1999.000000,1999.000000,
62635,R000272,Main Area,1680.000000,R4,1994.000000,2004.000000,
62638,R000293,Fireplace,1.000000,R4,1996.000000,2000.000000,
62638,R000293,Garage,618.000000,R4,1996.000000,2000.000000,
62640,R000318,Main Area,1762.000000,R4,1996.000000,1996.000000,
62681,R000659,Garage,462.000000,R4,1996.000000,1996.000000,
62682,R000666,Deck,352.000000,,2015.000000,2015.000000,
62686,R000691,Open Porch,58.000000,R4,1996.000000,1996.000000,
62687,R000692,Open Porch,260.000000,R4,,,
62693,R000715,Fireplace,1.000000,R4,1993.000000,1993.000000,
62693,R000715,Garage,420.000000,R4,1993.000000,1993.000000,
62693,R000715,Second Floor,769.000000,R4,1993.000000,1993.000000,
62694,R000731,Fireplace,1.000000,R4,1993.000000,1993.000000,
62696,R000738,Garage,670.000000,R4,1993.000000,1993.000000,
62697,R000740,Fireplace,1.000000,R4,1993.000000,1993.000000,
62697,R000740,Second Floor,888.000000,R4,1993.000000,1993.000000,
62698,R000743,Open Porch,60.000000,R4,1996.000000,1996.000000,
62698,R000743,Patio,120.000000,,1996.000000,1996.000000,
62699,R000754,Covered Patio,230.000000,,2021.000000,2021.000000,
62700,R000759,Fireplace,1.000000,R4,1995.000000,1995.000000,
62701,R000762,Garage,463.000000,R4,1996.000000,1996.000000,
62702,R000766,Main Area,1661.000000,R4,1996.000000,1996.000000,
62702,R000766,Open Porch,48.000000,R4,1996.000000,1996.000000,
62705,R000806,Open Porch,54.000000,R4,1996.000000,2016.000000,
62708,R000841,Main Area,1090.000000,R4,1996.000000,2003.000000,
62709,R000848,Open Porch,51.000000,R4,1996.000000,2016.000000,
62712,R000853,Fireplace,1.000000,R4,1996.000000,2008.000000,
62714,R000867,Garage,420.000000,R4,1996.000000,1996.000000,
62719,R000923,Garage,460.000000,R4,1996.000000,1996.000000,
62719,R000923,Open Porch,35.000000,R4,1996.000000,1996.000000,
62722,R000950,Patio,105.000000,,1996.000000,1996.000000,
62723,R000954,Deck,173.000000,,1995.000000,1995.000000,
62723,R000954,Enclosed Garage,216.000000,R4,1995.000000,1995.000000,
62723,R000954,Main Area,1408.000000,R4,1995.000000,1995.000000,
62724,R000960,Garage,788.000000,R4,1993.000000,1993.000000,
62726,R000979,Open Porch,15.000000,R4,1994.000000,1994.000000,
62727,R000992,Open Porch,84.000000,R4,1993.000000,1993.000000,
62728,R001006,Main Area,1429.000000,R4,1993.000000,1999.000000,
62728,R001006,Open Porch,31.000000,R4,1993.000000,1999.000000,
62579,R000013,Open Porch,68.000000,R4,1995.000000,1995.000000,
62582,R000019,Garage,820.000000,R4,1995.000000,2000.000000,
62585,R000032,Fireplace,1.000000,R4,1995.000000,1995.000000,
62585,R000032,Patio,163.000000,,1995.000000,1995.000000,
62589,R000040,Fireplace,1.000000,R4,1995.000000,1995.000000,
62589,R000040,Second Floor,1006.000000,R4,1995.000000,1995.000000,
62594,R000049,Open Porch,31.000000,R4,1995.000000,1995.000000,
62597,R000069,Main Area,1812.000000,R4,1995.000000,1998.000000,
62597,R000069,Open Porch,54.000000,R4,1995.000000,1998.000000,
62601,R000088,Fireplace,1.000000,R4,1995.000000,1995.000000,
62603,R000098,Patio,228.000000,,1995.000000,1995.000000,
62606,R000107,Main Area,336.000000,R2,,,
62606,R000107,Open Porch,72.000000,R2,,,
62611,R000137,Main Area,1851.000000,R4,1994.000000,1994.000000,
62612,R000139,Garage,420.000000,R4,1994.000000,1994.000000,
62613,R000144,Patio,140.000000,,1994.000000,1994.000000,
62614,R000147,Garage,441.000000,R4,1994.000000,1994.000000,
62615,R000148,Deck,261.000000,,1995.000000,1995.000000,
62615,R000148,Fireplace,1.000000,R4,1995.000000,1995.000000,
62615,R000148,Garage,462.000000,R4,1995.000000,1995.000000,
62618,R000182,Fireplace,1.000000,R4,1995.000000,1995.000000,
62619,R000199,Open Porch,24.000000,R4,1996.000000,1996.000000,
62623,R000208,Garage,420.000000,R4,1995.000000,1995.000000,
62623,R000208,Out Bldg,192.000000,,2024.000000,2024.000000,
62627,R000234,Fireplace,1.000000,R4,1994.000000,2006.000000,
62627,R000234,Main Area,1403.000000,R4,1994.000000,2006.000000,
62628,R000236,Open Porch,24.000000,R4,1996.000000,1996.000000,
62628,R000236,Patio,115.000000,,1996.000000,1996.000000,
62629,R000243,Garage,670.000000,R4,1993.000000,2000.000000,
62630,R000247,Covered Patio,151.000000,,2009.000000,2009.000000,
62630,R000247,Garage,616.000000,R4,1996.000000,1996.000000,
62630,R000247,Main Area,1438.000000,R4,1996.000000,1996.000000,
62630,R000247,Second Floor,1494.000000,R4,1996.000000,1996.000000,
62578,R000009,Deck,229.000000,,1996.000000,1996.000000,
62578,R000009,Garage,525.000000,R4,1996.000000,1996.000000,
62579,R000013,Fireplace,1.000000,R4,1995.000000,1995.000000,
62579,R000013,Garage,483.000000,R4,1995.000000,1995.000000,
62579,R000013,Main Area,1735.000000,R4,1995.000000,1995.000000,
62580,R000016,Open Porch,90.000000,R4,1995.000000,1995.000000,
62585,R000032,Main Area,1840.000000,R4,1995.000000,1995.000000,
62588,R000039,Main Area,1300.000000,R4,1995.000000,1995.000000,
62589,R000040,Patio,248.000000,,,,
62590,R000043,Deck,187.000000,,1995.000000,1995.000000,
62592,R000045,Open Porch,8.000000,R4,1995.000000,1995.000000,
62595,R000051,Fireplace,1.000000,R4,1994.000000,1994.000000,
62595,R000051,Main Area,1697.000000,R4,1994.000000,1994.000000,
62597,R000069,Fireplace,1.000000,R4,1995.000000,1998.000000,
62607,R000115,Covered Patio,230.000000,,1994.000000,1994.000000,
62607,R000115,Fireplace,1.000000,R4,1994.000000,2001.000000,
62607,R000115,Garage,483.000000,R4,1994.000000,2001.000000,
62611,R000137,Garage,441.000000,R4,1994.000000,1994.000000,
62616,R000167,Garage,420.000000,R4,1995.000000,1995.000000,
62617,R000181,Fireplace,1.000000,R4,1996.000000,1996.000000,
62617,R000181,Garage,501.000000,R4,1996.000000,1996.000000,
62617,R000181,Open Porch,14.000000,R4,1996.000000,1996.000000,
62617,R000181,Patio,100.000000,,1996.000000,1996.000000,
62620,R000201,Garage,441.000000,R4,1996.000000,1996.000000,
62620,R000201,Main Area,1960.000000,R4,1996.000000,1996.000000,
62626,R000231,Open Porch,79.000000,R4,1994.000000,1994.000000,
62626,R000231,Patio,210.000000,,1994.000000,1994.000000,
62627,R000234,Garage,661.000000,R4,1994.000000,2006.000000,
62627,R000234,Open Porch,40.000000,R4,2000.000000,2000.000000,
62628,R000236,Garage,609.000000,R4,1996.000000,1996.000000,
62628,R000236,Main Area,1361.000000,R4,1996.000000,1996.000000,
62628,R000236,Second Floor,1621.000000,R4,1996.000000,1996.000000,
62630,R000247,Out Bldg,64.000000,,2009.000000,2009.000000,
62580,R000016,Open Porch,60.000000,R4,1995.000000,1995.000000,
62581,R000017,Garage,636.000000,R4,1995.000000,2009.000000,
62581,R000017,Open Porch,68.000000,R4,1995.000000,2009.000000,
62586,R000037,Fireplace,1.000000,R3,1986.000000,1986.000000,
62589,R000040,Open Porch,302.000000,R4,1995.000000,1995.000000,
62592,R000045,Garage,504.000000,R4,1995.000000,1995.000000,
62599,R000072,Carport,660.000000,H1,2010.000000,2010.000000,
62605,R000104,Second Floor,970.000000,R4,1995.000000,2007.000000,
62609,R000125,Patio,400.000000,,1993.000000,1993.000000,
62614,R000147,Main Area,1845.000000,R4,1994.000000,1994.000000,
62614,R000147,Patio,349.000000,,1994.000000,1994.000000,
62615,R000148,Patio,88.000000,,1995.000000,1995.000000,
62616,R000167,Main Area,1545.000000,R4,1995.000000,1995.000000,
62618,R000182,Main Area,1691.000000,R4,1995.000000,1995.000000,
62618,R000182,Open Porch,71.000000,R4,1995.000000,1995.000000,
62621,R000204,Fireplace,1.000000,R4,1994.000000,1994.000000,
62621,R000204,Main Area,1114.000000,R4,1994.000000,1994.000000,
62627,R000234,Second Floor,1483.000000,R4,1994.000000,2006.000000,
62629,R000243,Open Porch,110.000000,R4,1993.000000,2000.000000,
62630,R000247,Open Porch,50.000000,R4,1996.000000,1996.000000,
62631,R000252,Covered Patio,448.000000,,2022.000000,2022.000000,
62631,R000252,Second Floor,1680.000000,R4,1996.000000,1996.000000,
62633,R000266,Concrete Pool,414.000000,R4,2009.000000,2009.000000,
62634,R000270,Main Area,1705.000000,R4,1997.000000,1997.000000,
62634,R000270,Second Floor,1607.000000,R4,1997.000000,1997.000000,
62634,R000270,Patio,168.000000,,1997.000000,1997.000000,
62636,R000287,Open Porch,36.000000,R4,1999.000000,1999.000000,
62637,R000289,Fireplace,1.000000,R4,1996.000000,1996.000000,
62638,R000293,Open Porch,25.000000,R4,1996.000000,2000.000000,
62643,R000336,Second Floor,1441.000000,R4,1998.000000,1998.000000,
62646,R000364,Garage,441.000000,R4,1992.000000,1992.000000,
62646,R000364,Main Area,1750.000000,R4,1992.000000,1992.000000,
62634,R000270,Open Porch,32.000000,R4,1997.000000,1997.000000,
62637,R000289,Garage,638.000000,R4,1996.000000,1996.000000,
62637,R000289,Main Area,1278.000000,R4,1996.000000,1996.000000,
62642,R000334,Open Porch,110.000000,R4,1995.000000,1995.000000,
62644,R000343,Deck,170.000000,,,,
62644,R000343,Main Area,1721.000000,R4,1995.000000,1995.000000,
62644,R000343,Second Floor,916.000000,R4,1995.000000,1995.000000,
62645,R000353,Garage,671.000000,R4,1992.000000,1992.000000,
62645,R000353,Main Area,1210.000000,R4,1992.000000,1992.000000,
62647,R000368,Fireplace,1.000000,R4,1996.000000,1996.000000,
62647,R000368,Patio,60.000000,,1996.000000,1996.000000,
62649,R000378,Patio,220.000000,,1996.000000,1996.000000,
62650,R000383,Open Porch,24.000000,R4,1996.000000,1996.000000,
62651,R000396,Garage,460.000000,R4,1996.000000,1996.000000,
62653,R000399,Open Porch,60.000000,R4,1994.000000,1994.000000,
62655,R000427,Open Porch,57.000000,R4,1993.000000,1993.000000,
62656,R000432,Second Floor,944.000000,R4,1993.000000,2006.000000,
62660,R000457,Deck,213.000000,,1998.000000,1998.000000,
62662,R000475,Garage,525.000000,R4,1993.000000,1993.000000,
62662,R000475,Patio,102.000000,,1993.000000,1993.000000,
62666,R000504,Garage,546.000000,R4,1996.000000,1996.000000,
62668,R000515,Deck,120.000000,,1994.000000,1994.000000,
62668,R000515,Garage,483.000000,R4,1994.000000,1994.000000,
62670,R000563,Open Porch,47.000000,R4,1995.000000,1995.000000,
62672,R000581,Deck,544.000000,,1994.000000,1994.000000,
62672,R000581,Garage,520.000000,R4,1993.000000,1993.000000,
62673,R000586,Open Porch,15.000000,R4,1994.000000,1994.000000,
62676,R000600,Open Porch,68.000000,R4,1994.000000,1994.000000,
62678,R000640,Main Area,1525.000000,R4,1995.000000,1995.000000,
62681,R000659,Open Porch,12.000000,R4,1996.000000,1996.000000,
62681,R000659,Patio,45.000000,,1996.000000,1996.000000,
62683,R000673,Fireplace,1.000000,R4,1995.000000,1995.000000,
62684,R000683,Garage,441.000000,R4,1996.000000,1996.000000,
62687,R000692,Fireplace,1.000000,R4,1996.000000,1996.000000,
62580,R000016,Fireplace,1.000000,R4,1995.000000,1995.000000,
62581,R000017,Deck,206.000000,,1995.000000,1995.000000,
62582,R000019,Main Area,1082.000000,R4,1995.000000,2000.000000,
62586,R000037,Site Improvement,,,,,
62588,R000039,Patio,130.000000,,1995.000000,1995.000000,
62601,R000088,Garage,484.000000,R4,1995.000000,1995.000000,
62603,R000098,Fireplace,1.000000,R4,1995.000000,1995.000000,
62603,R000098,Garage,462.000000,R4,1995.000000,1995.000000,
62603,R000098,Main Area,1723.000000,R4,1995.000000,1995.000000,
62604,R000102,Fireplace,1.000000,R4,1994.000000,2008.000000,
62604,R000102,Main Area,1591.000000,R4,1994.000000,2008.000000,
62605,R000104,Open Porch,10.000000,R4,1995.000000,2007.000000,
62606,R000107,Main Area,840.000000,R2,1940.000000,1952.000000,
62606,R000107,Screen Porch,132.000000,R2,,,
62607,R000115,Main Area,1718.000000,R4,1994.000000,2001.000000,
62612,R000139,Fireplace,1.000000,R4,1994.000000,1994.000000,
62615,R000148,Open Porch,57.000000,R4,1995.000000,1995.000000,
62619,R000199,Fireplace,1.000000,R4,1996.000000,1996.000000,
62619,R000199,Second Floor,1165.000000,R4,1996.000000,1996.000000,
62620,R000201,Concrete Pool,106.000000,R4,1997.000000,1997.000000,
62620,R000201,Open Porch,58.000000,R4,1996.000000,1996.000000,
62621,R000204,Second Floor,898.000000,R4,1994.000000,1994.000000,
62622,R000205,Fireplace,1.000000,R4,1995.000000,1995.000000,
62632,R000254,Fireplace,1.000000,R4,1994.000000,1994.000000,
62632,R000254,Main Area,1352.000000,R4,1994.000000,1994.000000,
62634,R000270,Open Porch,90.000000,R4,1997.000000,1997.000000,
62636,R000287,Second Floor,1390.000000,R4,1999.000000,1999.000000,
62638,R000293,Second Floor,1787.000000,R4,1996.000000,2000.000000,
62638,R000293,Out Bldg,100.000000,,2015.000000,2015.000000,
62640,R000318,Fireplace,1.000000,R4,1996.000000,1996.000000,
62640,R000318,Open Porch,47.000000,R4,1996.000000,1996.000000,
62644,R000343,Open Porch,120.000000,R4,1995.000000,1995.000000,
62650,R000383,Garage,517.000000,R4,1996.000000,1996.000000,
62641,R000331,Deck,176.000000,,1997.000000,1997.000000,
62641,R000331,Second Floor,1822.000000,R4,1997.000000,2004.000000,
62642,R000334,Garage,720.000000,R4,1995.000000,1995.000000,
62643,R000336,Open Porch,36.000000,R4,1998.000000,1998.000000,
62647,R000368,Main Area,1974.000000,R4,1996.000000,1996.000000,
62647,R000368,Open Porch,40.000000,R4,1996.000000,1996.000000,
62649,R000378,Main Area,1717.000000,R4,1996.000000,2001.000000,
62650,R000383,Patio,300.000000,,1996.000000,1996.000000,
62651,R000396,Fireplace,1.000000,R4,1996.000000,1996.000000,
62651,R000396,Open Porch,20.000000,R4,1996.000000,1996.000000,
62652,R000398,Garage,483.000000,R4,1993.000000,1996.000000,
62654,R000406,Garage,480.000000,R4,1993.000000,1993.000000,
62654,R000406,Main Area,1541.000000,R4,1993.000000,1993.000000,
62654,R000406,Open Porch,29.000000,R4,1993.000000,1993.000000,
62656,R000432,Open Porch,10.000000,R4,1993.000000,2006.000000,
62657,R000434,Open Porch,70.000000,R4,1993.000000,1993.000000,
62658,R000448,Garage,525.000000,R4,1993.000000,1999.000000,
62659,R000452,Fireplace,1.000000,R4,1993.000000,1999.000000,
62659,R000452,Garage,483.000000,R4,1993.000000,1999.000000,
62660,R000457,Main Area,1120.000000,R4,1993.000000,1993.000000,
62661,R000469,Second Floor,635.000000,R4,1993.000000,1993.000000,
62661,R000469,Patio,100.000000,,1993.000000,1993.000000,
62664,R000496,Garage,748.000000,R4,1993.000000,2000.000000,
62667,R000508,Deck,170.000000,,1994.000000,1994.000000,
62669,R000556,Open Porch,98.000000,R4,1996.000000,1996.000000,
62670,R000563,Fireplace,1.000000,R4,1995.000000,1995.000000,
62671,R000576,Second Floor,946.000000,R4,1993.000000,1993.000000,
62671,R000576,Out Bldg,70.000000,,2024.000000,2024.000000,
62674,R000587,Fireplace,1.000000,R4,1994.000000,2001.000000,
62674,R000587,Open Porch,61.000000,R4,1994.000000,2001.000000,
62675,R000599,Open Porch,10.000000,R4,1995.000000,2001.000000,
62676,R000600,Garage,483.000000,R4,1994.000000,1994.000000,
62678,R000640,Patio,90.000000,,1995.000000,1995.000000,
62679,R000651,Main Area,1636.000000,R4,1996.000000,1996.000000,
62729,R001014,Second Floor,625.000000,R4,,,
62731,R001024,Garage,462.000000,R4,1994.000000,1999.000000,
62736,R001040,Main Area,1132.000000,R4,1996.000000,2002.000000,
62736,R001040,Open Porch,24.000000,R4,1996.000000,2002.000000,
62737,R001045,Fireplace,1.000000,R4,1996.000000,1996.000000,
62738,R001052,Fireplace,1.000000,R4,1996.000000,1996.000000,
62738,R001052,Garage,495.000000,R4,1996.000000,1996.000000,
62745,R001088,Fireplace,1.000000,R4,1996.000000,1996.000000,
62746,R001091,Garage,420.000000,R4,1996.000000,2002.000000,
62746,R001091,Main Area,1669.000000,R4,1996.000000,2002.000000,
62747,R001096,Main Area,1483.000000,R4,1996.000000,2002.000000,
62750,R001139,Covered Patio,100.000000,,2013.000000,2013.000000,
62752,R001148,Garage,420.000000,R4,1996.000000,1996.000000,
62754,R001152,Fireplace,1.000000,R4,1996.000000,1996.000000,
62755,R001155,Main Area,1114.000000,R4,1996.000000,2001.000000,
62758,R001170,Patio,96.000000,,1996.000000,1996.000000,
62764,R001209,Main Area,1007.000000,R4,1994.000000,1994.000000,
62765,R001211,Second Floor,1368.000000,R4,1995.000000,1995.000000,
62766,R001216,Main Area,1659.000000,R4,1994.000000,1994.000000,
62767,R001218,Deck,240.000000,,,,
62768,R001219,Main Area,1742.000000,R4,1994.000000,1994.000000,
62771,R001230,Fireplace,1.000000,R4,1994.000000,1994.000000,
62772,R001238,Garage,675.000000,R4,,1985.000000,
62772,R001238,Open Porch,145.000000,R4,,,
62773,R001244,Fireplace,1.000000,R4,1985.000000,1985.000000,
62773,R001244,Open Porch,35.000000,R4,,,
62776,R001262,Open Porch,42.000000,R4,1996.000000,1996.000000,
62789,R001359,Site Improvement,1.000000,,,,
62836,R001482,Fireplace,1.000000,R2,1994.000000,1994.000000,
62836,R001482,Main Area,1676.000000,R2,1994.000000,1994.000000,
62836,R001482,Site Improvement,1.000000,,,,
62836,R001482,Workshop,936.000000,,2010.000000,2010.000000,
63254,R002041,Main Area,1523.000000,R3,1985.000000,1985.000000,
62631,R000252,Main Area,1432.000000,R4,1996.000000,1996.000000,
62631,R000252,Open Porch,35.000000,R4,1996.000000,1996.000000,
62632,R000254,Second Floor,984.000000,R4,1994.000000,1994.000000,
62632,R000254,Open Porch,36.000000,R4,1994.000000,1994.000000,
62633,R000266,Fireplace,1.000000,R4,1999.000000,1999.000000,
62636,R000287,Fireplace,1.000000,R4,1999.000000,1999.000000,
62636,R000287,Garage,619.000000,R4,1999.000000,1999.000000,
62638,R000293,Deck,258.000000,,1996.000000,1996.000000,
62638,R000293,Main Area,1435.000000,R4,1996.000000,2000.000000,
62639,R000313,Detached Garage,682.000000,R4,1996.000000,1996.000000,
62639,R000313,Fireplace,1.000000,R4,1996.000000,1996.000000,
62639,R000313,Second Floor,1618.000000,R4,1996.000000,1996.000000,
62641,R000331,Fireplace,1.000000,R4,1997.000000,2004.000000,
62641,R000331,Garage,660.000000,R4,1997.000000,2004.000000,
62642,R000334,Concrete Pool,369.000000,R4,2009.000000,2009.000000,
62644,R000343,Open Porch,21.000000,R4,1995.000000,1995.000000,
62645,R000353,Fireplace,1.000000,R4,1992.000000,1992.000000,
62645,R000353,Open Porch,250.000000,R4,1992.000000,1992.000000,
62647,R000368,Open Porch,69.000000,R4,1996.000000,1996.000000,
62649,R000378,Open Porch,57.000000,R4,1996.000000,2001.000000,
62652,R000398,Fireplace,1.000000,R4,1993.000000,1996.000000,
62652,R000398,Open Porch,68.000000,R4,1993.000000,1996.000000,
62653,R000399,Main Area,1835.000000,R4,1994.000000,1994.000000,
62655,R000427,Main Area,1691.000000,R4,1993.000000,1993.000000,
62660,R000457,Second Floor,936.000000,R4,1993.000000,1993.000000,
62660,R000457,Open Porch,122.000000,R4,1993.000000,1993.000000,
62661,R000469,Garage,462.000000,R4,1993.000000,1993.000000,
62667,R000508,Fireplace,1.000000,R4,1994.000000,2000.000000,
62667,R000508,Garage,460.000000,R4,1994.000000,2000.000000,
62667,R000508,Open Porch,35.000000,R4,1994.000000,2000.000000,
62668,R000515,Open Porch,74.000000,R4,1994.000000,1994.000000,
62669,R000556,Fireplace,1.000000,R4,1996.000000,1996.000000,
62669,R000556,Main Area,1662.000000,R4,1996.000000,1996.000000,
62671,R000576,Fireplace,1.000000,R4,1993.000000,1993.000000,
62631,R000252,Fireplace,1.000000,R4,1996.000000,1996.000000,
62631,R000252,Garage,589.000000,R4,1996.000000,1996.000000,
62633,R000266,Garage,467.000000,R4,1999.000000,1999.000000,
62634,R000270,Detached Garage,600.000000,R4,1997.000000,1997.000000,
62635,R000272,Fireplace,1.000000,R4,1994.000000,2004.000000,
62635,R000272,Second Floor,945.000000,R4,1994.000000,2004.000000,
62636,R000287,Main Area,1058.000000,R4,1999.000000,1999.000000,
62637,R000289,Second Floor,1574.000000,R4,1996.000000,1996.000000,
62639,R000313,Main Area,1730.000000,R4,1996.000000,1996.000000,
62641,R000331,Main Area,1546.000000,R4,1997.000000,2004.000000,
62643,R000336,Deck,689.000000,,2007.000000,2007.000000,
62643,R000336,Fireplace,1.000000,R4,1998.000000,1998.000000,
62644,R000343,Garage,707.000000,R4,1995.000000,1995.000000,
62645,R000353,Second Floor,983.000000,R4,1992.000000,1992.000000,
62645,R000353,Open Porch,10.000000,R4,1992.000000,1992.000000,
62646,R000364,Fireplace,1.000000,R4,1992.000000,1992.000000,
62646,R000364,Main Area,192.000000,R4,2009.000000,2009.000000,
62647,R000368,Garage,427.000000,R4,1996.000000,1996.000000,
62647,R000368,Open Porch,104.000000,R4,1996.000000,1996.000000,
62650,R000383,Fireplace,1.000000,R4,1996.000000,1996.000000,
62651,R000396,Main Area,1092.000000,R4,1996.000000,1996.000000,
62654,R000406,Patio,64.000000,,1993.000000,1993.000000,
62655,R000427,Fireplace,1.000000,R4,1993.000000,1993.000000,
62657,R000434,Patio,360.000000,,1993.000000,1993.000000,
62658,R000448,Deck,230.000000,,1993.000000,1993.000000,
62659,R000452,Patio,94.000000,,1993.000000,1993.000000,
62666,R000504,Deck,244.000000,,,,
62666,R000504,Fireplace,1.000000,R4,1996.000000,1996.000000,
62666,R000504,Open Porch,180.000000,R4,1996.000000,1996.000000,
62670,R000563,Patio,168.000000,,1995.000000,1995.000000,
62671,R000576,Patio,110.000000,,1993.000000,1993.000000,
62672,R000581,Main Area,1445.000000,R4,1993.000000,1993.000000,
62673,R000586,Fireplace,1.000000,R4,1994.000000,1994.000000,
62656,R000432,Garage,420.000000,R4,1993.000000,2006.000000,
62661,R000469,Open Porch,42.000000,R4,1993.000000,1993.000000,
62664,R000496,Main Area,1147.000000,R4,1993.000000,2000.000000,
62666,R000504,Main Area,1060.000000,R4,1996.000000,1996.000000,
62668,R000515,Fireplace,1.000000,R4,1994.000000,1994.000000,
62670,R000563,Garage,440.000000,R4,1995.000000,1995.000000,
62678,R000640,Open Porch,30.000000,R4,1995.000000,1995.000000,
62679,R000651,Patio,100.000000,,1996.000000,1996.000000,
62680,R000654,Open Porch,47.000000,R4,1996.000000,2002.000000,
62681,R000659,Patio,96.000000,,1996.000000,1996.000000,
62683,R000673,Second Floor,783.000000,R4,1995.000000,1995.000000,
62684,R000683,Open Porch,59.000000,R4,1996.000000,1996.000000,
62689,R000696,Garage,483.000000,R4,1994.000000,1994.000000,
62689,R000696,Open Porch,72.000000,R4,1994.000000,1994.000000,
62689,R000696,Patio,102.000000,,1994.000000,1994.000000,
62690,R000704,Main Area,1561.000000,R4,1995.000000,1995.000000,
62690,R000704,Open Porch,30.000000,R4,1995.000000,1995.000000,
62692,R000711,Garage,480.000000,R4,1993.000000,1993.000000,
62694,R000731,Patio,100.000000,,1993.000000,1993.000000,
62695,R000734,Main Area,1578.000000,R4,1993.000000,2000.000000,
62697,R000740,Open Porch,94.000000,R4,1993.000000,1993.000000,
62698,R000743,Main Area,1474.000000,R4,1996.000000,1996.000000,
62698,R000743,Open Porch,30.000000,R4,1996.000000,1996.000000,
62699,R000754,Open Porch,40.000000,R4,1996.000000,1996.000000,
62705,R000806,Deck,228.000000,,1996.000000,2016.000000,
62707,R000835,Deck,192.000000,,,,
62708,R000841,Fireplace,1.000000,R4,1996.000000,2003.000000,
62708,R000841,Garage,732.000000,R4,1996.000000,2003.000000,
62710,R000850,Open Porch,292.000000,R4,2009.000000,2001.000000,
62712,R000853,Deck,132.000000,,1999.000000,1999.000000,
62714,R000867,Open Porch,49.000000,R4,1996.000000,1996.000000,
62715,R000876,Fireplace,1.000000,R4,1996.000000,1996.000000,
62717,R000916,Garage,460.000000,R4,1996.000000,1996.000000,
62717,R000916,Main Area,1330.000000,R4,1996.000000,1996.000000,
62687,R000692,Garage,546.000000,R4,1996.000000,1996.000000,
62689,R000696,Main Area,1687.000000,R4,1994.000000,1994.000000,
62690,R000704,Open Porch,240.000000,R4,1995.000000,1995.000000,
62691,R000705,Fireplace,1.000000,R4,1994.000000,1994.000000,
62693,R000715,Main Area,1191.000000,R4,1993.000000,1993.000000,
62696,R000738,Main Area,1286.000000,R4,1993.000000,1993.000000,
62697,R000740,Main Area,1103.000000,R4,1993.000000,1993.000000,
62698,R000743,Second Floor,1706.000000,R4,1996.000000,1996.000000,
62700,R000759,Main Area,1175.000000,R4,1995.000000,1995.000000,
62700,R000759,Open Porch,48.000000,R4,1995.000000,1995.000000,
62701,R000762,Fireplace,1.000000,R4,1996.000000,1996.000000,
62703,R000774,Fireplace,1.000000,R4,1995.000000,2003.000000,
62703,R000774,Garage,786.000000,R4,1995.000000,2003.000000,
62710,R000850,Main Area,1589.000000,R4,1996.000000,2001.000000,
62714,R000867,Main Area,1470.000000,R4,1996.000000,1996.000000,
62715,R000876,Garage,468.000000,R4,1996.000000,1996.000000,
62723,R000954,Second Floor,904.000000,R4,1995.000000,1995.000000,
62723,R000954,Open Porch,114.000000,R4,1995.000000,1995.000000,
62724,R000960,Fireplace,1.000000,R4,1993.000000,1993.000000,
62725,R000961,Open Porch,30.000000,R4,1993.000000,1993.000000,
62728,R001006,Fireplace,1.000000,R4,1993.000000,1999.000000,
62728,R001006,Garage,480.000000,R4,1993.000000,1999.000000,
62729,R001014,Main Area,2450.000000,R4,1983.000000,1983.000000,
62729,R001014,Site Improvement,,,,,
62730,R001022,Open Porch,96.000000,R4,1994.000000,2008.000000,
62733,R001031,Deck,206.000000,,1996.000000,1996.000000,
62734,R001033,Out Bldg,192.000000,,2008.000000,2008.000000,
62735,R001034,Fireplace,1.000000,R4,1994.000000,1994.000000,
62735,R001034,Open Porch,42.000000,R4,1994.000000,1994.000000,
62736,R001040,Fireplace,1.000000,R4,1996.000000,2002.000000,
62736,R001040,Garage,420.000000,R4,1996.000000,2002.000000,
62737,R001045,Garage,420.000000,R4,1996.000000,1996.000000,
63322,R002117,Main Area,1600.000000,R1,2011.000000,2011.000000,
63323,R002119,Main Area,1216.000000,M2,1993.000000,1993.000000,
63324,R002120,Main Area,1064.000000,M2,1985.000000,1985.000000,
63325,R002121,Main Area,1080.000000,M3,1994.000000,1994.000000,
63326,R002122,Main Area,1860.000000,M2,1980.000000,1980.000000,
63341,R002143,Main Area,1456.000000,M2,1984.000000,1984.000000,
63341,R002143,Utility/storage,192.000000,M2,1984.000000,1984.000000,
63342,R002144,Main Area,896.000000,M3,1985.000000,2000.000000,
63342,R002144,Open Porch,264.000000,,2017.000000,2017.000000,
63343,R002145,Concrete Pool,1.000000,M3,2005.000000,2005.000000,
63345,R002147,Out Bldg,,,2011.000000,,
63348,R002151,Covered Patio,60.000000,,1984.000000,1984.000000,
63350,R002155,Canopy,480.000000,,2016.000000,2016.000000,
63353,R002158,Main Area,196.000000,M2,2006.000000,2006.000000,
63353,R002158,Out Bldg,260.000000,,2006.000000,2006.000000,
63353,R002158,Workshop,884.000000,,2006.000000,2006.000000,
63358,R002163,Garage,576.000000,M4,1990.000000,1990.000000,
63358,R002163,Open Porch,80.000000,M4,1990.000000,2006.000000,
63359,R002164,Carport,576.000000,,2020.000000,2020.000000,
63360,R002165,Main Area,420.000000,M3,1984.000000,1984.000000,
63360,R002165,Open Porch,238.000000,M3,1984.000000,1984.000000,
63361,R002166,Open Porch,476.000000,M3,1994.000000,1994.000000,
63363,R002170,Out Bldg,336.000000,,,,
63364,R002171,Deck,180.000000,,2004.000000,2004.000000,
63371,R002179,Main Area,667.000000,R1,,2004.000000,
63371,R002179,Out Bldg,168.000000,,,,
63377,R002186,Open Porch,96.000000,R3,2021.000000,2021.000000,
63379,R002188,Covered Patio,192.000000,,,,
63379,R002188,Out Bldg,196.000000,,,,
63380,R002189,Main Area,1609.000000,R4,2016.000000,2016.000000,
63381,R002191,Patio,254.000000,,2000.000000,2000.000000,
63382,R002192,Covered Patio,60.000000,,2019.000000,2019.000000,
63383,R002193,Out Bldg,96.000000,,,,
63385,R002196,Main Area,1232.000000,M2,1987.000000,2000.000000,
63385,R002196,Out Bldg,,,,,
63389,R002201,Canopy,280.000000,,2000.000000,2000.000000,
63397,R002211,Garage,420.000000,R3,1996.000000,2002.000000,
62682,R000666,Garage,739.000000,R4,1994.000000,2007.000000,
62682,R000666,Main Area,1759.000000,R4,1994.000000,2007.000000,
62682,R000666,Open Porch,120.000000,R4,2015.000000,2015.000000,
62684,R000683,Patio,182.000000,,1996.000000,1996.000000,
62685,R000688,Fireplace,1.000000,R4,1994.000000,1994.000000,
62685,R000688,Second Floor,906.000000,R4,1994.000000,1994.000000,
62687,R000692,Second Floor,988.000000,R4,1996.000000,1996.000000,
62687,R000692,Open Porch,16.000000,R4,1996.000000,1996.000000,
62689,R000696,Fireplace,1.000000,R4,1994.000000,1994.000000,
62694,R000731,Garage,483.000000,R4,1993.000000,1993.000000,
62695,R000734,Open Porch,25.000000,R4,1993.000000,2000.000000,
62696,R000738,Patio,100.000000,,1993.000000,1993.000000,
62698,R000743,Garage,599.000000,R4,1996.000000,1996.000000,
62698,R000743,Open Porch,72.000000,R4,1996.000000,1996.000000,
62699,R000754,Garage,670.000000,R4,1996.000000,1996.000000,
62700,R000759,Open Porch,380.000000,R4,1995.000000,1995.000000,
62704,R000791,Open Porch,45.000000,R4,1995.000000,1998.000000,
62705,R000806,Garage,420.000000,R4,1996.000000,2016.000000,
62705,R000806,Main Area,1742.000000,R4,1996.000000,2016.000000,
62706,R000811,Fireplace,1.000000,R4,1996.000000,1996.000000,
62706,R000811,Garage,420.000000,R4,1996.000000,1996.000000,
62708,R000841,Second Floor,965.000000,R4,1996.000000,2003.000000,
62709,R000848,Fireplace,1.000000,R4,1996.000000,2016.000000,
62709,R000848,Main Area,1556.000000,R4,1996.000000,2016.000000,
62710,R000850,Fireplace,1.000000,R4,1996.000000,2001.000000,
62710,R000850,Open Porch,48.000000,R4,1996.000000,2001.000000,
62711,R000852,Open Porch,47.000000,R4,1996.000000,2002.000000,
62712,R000853,Garage,425.000000,R4,1996.000000,2008.000000,
62714,R000867,Fireplace,1.000000,R4,1996.000000,1996.000000,
62716,R000906,Deck,98.000000,,1996.000000,1996.000000,
62716,R000906,Main Area,1618.000000,R4,1996.000000,1996.000000,
62720,R000940,Main Area,1680.000000,R4,1996.000000,2009.000000,
62722,R000950,Open Porch,49.000000,R4,1996.000000,1996.000000,
62737,R001045,Open Porch,30.000000,R4,1996.000000,1996.000000,
62738,R001052,Main Area,1085.000000,R4,1996.000000,1996.000000,
62738,R001052,Second Floor,948.000000,R4,1996.000000,1996.000000,
62739,R001059,Open Porch,38.000000,R4,1995.000000,1995.000000,
62740,R001060,Main Area,1470.000000,R4,1995.000000,2001.000000,
62741,R001062,Garage,420.000000,R4,1996.000000,2003.000000,
62741,R001062,Main Area,1596.000000,R4,1996.000000,2003.000000,
62743,R001081,Garage,420.000000,R4,1996.000000,2000.000000,
62746,R001091,Deck,305.000000,,,,
62752,R001148,Fireplace,1.000000,R4,1996.000000,1996.000000,
62754,R001152,Covered Patio,133.000000,,1996.000000,1996.000000,
62758,R001170,Patio,124.000000,,2013.000000,2013.000000,
62761,R001193,Main Area,1738.000000,R4,1995.000000,2008.000000,
62763,R001204,Main Area,480.000000,EN,1993.000000,1997.000000,
62765,R001211,Garage,444.000000,R4,1995.000000,1995.000000,
62766,R001216,Garage,483.000000,R4,1994.000000,1994.000000,
62766,R001216,Open Porch,64.000000,R4,1994.000000,1994.000000,
62768,R001219,Open Porch,9.000000,R4,1994.000000,1994.000000,
62771,R001230,Garage,441.000000,R4,1994.000000,1994.000000,
62771,R001230,Main Area,1850.000000,R4,1994.000000,1994.000000,
62772,R001238,Fireplace,1.000000,R4,1985.000000,1985.000000,
62773,R001244,Main Area,1372.000000,R4,1985.000000,1985.000000,
62776,R001262,Deck,129.000000,,1996.000000,1996.000000,
62803,R001410,Out Bldg,,,,,
63254,R002041,Garage,400.000000,R3,,,
63254,R002041,Open Porch,221.000000,R3,2010.000000,2010.000000,
63285,R002076,Site Improvement,,,,,
63326,R002122,Canopy,132.000000,,,,
63326,R002122,Carport,540.000000,,,,
63327,R002123,Main Area,1007.000000,M2,2018.000000,2018.000000,
63327,R002123,Out Bldg,924.000000,,2000.000000,2000.000000,
63327,R002123,Out Bldg,1320.000000,,2000.000000,2000.000000,
63327,R002123,Utility/storage,342.000000,,,,
63331,R002128,Main Area,1400.000000,R1,1998.000000,1998.000000,
63397,R002211,Main Area,1437.000000,R3,1996.000000,2002.000000,
63398,R002214,Main Area,1345.000000,R3,1995.000000,1995.000000,
63401,R002217,Fireplace,1.000000,R3,1996.000000,2001.000000,
63404,R002220,Open Porch,27.000000,R3,1996.000000,1996.000000,
63409,R002231,Garage,420.000000,R3,1996.000000,1999.000000,
63410,R002232,Garage,320.000000,R3,1993.000000,2003.000000,
63410,R002232,Main Area,1489.000000,R3,1993.000000,2003.000000,
63413,R002235,Open Porch,36.000000,R3,1993.000000,2001.000000,
63414,R002236,Open Porch,52.000000,R3,1993.000000,1993.000000,
63417,R002241,Fireplace,1.000000,R3,1994.000000,1994.000000,
63418,R002242,Main Area,1338.000000,R3,1994.000000,1994.000000,
63418,R002242,Main Area,240.000000,R3,2021.000000,2021.000000,
63418,R002242,Open Porch,150.000000,R3,1994.000000,1994.000000,
63422,R002246,Main Area,1545.000000,R3,1996.000000,1996.000000,
63425,R002249,Deck,174.000000,,2000.000000,2000.000000,
63433,R002257,Garage,460.000000,R3,1993.000000,1993.000000,
63433,R002257,Open Porch,174.000000,R3,1993.000000,1993.000000,
63433,R002257,Screen Porch,250.000000,R3,,,
63442,R002266,Garage,441.000000,R2,1996.000000,1996.000000,
63450,R002274,Second Floor,330.000000,R3,1993.000000,1993.000000,
63486,R002310,Open Porch,35.000000,R2,1993.000000,1999.000000,
63496,R002320,Open Porch,84.000000,R3,1996.000000,1996.000000,
63514,R002338,Garage,441.000000,R2,1996.000000,1996.000000,
63544,R002368,Fireplace,1.000000,R2,1994.000000,2001.000000,
63545,R002369,Fireplace,1.000000,R3,2000.000000,2000.000000,
63545,R002369,Garage,360.000000,R3,2000.000000,2000.000000,
63545,R002369,Second Floor,700.000000,R3,2000.000000,2000.000000,
63562,R002386,Main Area,1580.000000,R3,1995.000000,1995.000000,
63562,R002386,Open Porch,232.000000,R3,1995.000000,1995.000000,
63565,R002389,Open Porch,44.000000,R3,1999.000000,1999.000000,
63565,R002389,Patio,112.000000,,1999.000000,1999.000000,
63567,R002391,Open Porch,42.000000,R2,1996.000000,1996.000000,
63568,R002392,Fireplace,1.000000,R3,1999.000000,2004.000000,
62654,R000406,Enclosed Porch,270.000000,R4,1993.000000,1993.000000,
62655,R000427,Garage,483.000000,R4,1993.000000,1993.000000,
62656,R000432,Main Area,1188.000000,R4,1993.000000,2006.000000,
62658,R000448,Fireplace,1.000000,R4,1993.000000,1999.000000,
62659,R000452,Open Porch,67.000000,R4,1993.000000,1999.000000,
62660,R000457,Garage,735.000000,R4,1993.000000,1993.000000,
62661,R000469,Fireplace,1.000000,R4,1993.000000,1993.000000,
62662,R000475,Fireplace,1.000000,R4,1993.000000,1993.000000,
62662,R000475,Main Area,1541.000000,R4,1993.000000,1993.000000,
62662,R000475,Open Porch,56.000000,R4,1993.000000,1993.000000,
62664,R000496,Second Floor,796.000000,R4,1993.000000,2000.000000,
62664,R000496,Patio,692.000000,,1993.000000,1993.000000,
62667,R000508,Main Area,1254.000000,R4,1994.000000,2000.000000,
62668,R000515,Main Area,1684.000000,R4,1994.000000,1994.000000,
62672,R000581,Open Porch,26.000000,R4,1993.000000,1993.000000,
62674,R000587,Main Area,1755.000000,R4,1994.000000,2001.000000,
62674,R000587,Patio,71.000000,,,,
62675,R000599,Fireplace,1.000000,R4,1995.000000,2001.000000,
62679,R000651,Fireplace,1.000000,R4,1996.000000,1996.000000,
62679,R000651,Garage,460.000000,R4,1996.000000,1996.000000,
62680,R000654,Patio,120.000000,,1996.000000,1996.000000,
62681,R000659,Main Area,1687.000000,R4,1996.000000,1996.000000,
62682,R000666,Open Porch,12.000000,R4,1994.000000,2007.000000,
62682,R000666,Open Porch,154.000000,R4,1994.000000,2007.000000,
62683,R000673,Deck,108.000000,,1995.000000,1995.000000,
62685,R000688,Patio,120.000000,,1994.000000,1994.000000,
62686,R000691,Garage,462.000000,R4,1996.000000,1996.000000,
62687,R000692,Main Area,1010.000000,R4,1996.000000,1996.000000,
62688,R000693,Enclosed Porch,100.000000,R4,1996.000000,2003.000000,
62688,R000693,Garage,420.000000,R4,1996.000000,2003.000000,
62690,R000704,Fireplace,1.000000,R4,1995.000000,1995.000000,
62691,R000705,Deck,260.000000,,1994.000000,1994.000000,
62692,R000711,Open Porch,32.000000,R4,1993.000000,1993.000000,
62694,R000731,Main Area,1759.000000,R4,1993.000000,1993.000000,
62696,R000738,Second Floor,866.000000,R4,1993.000000,1993.000000,
62697,R000740,Garage,654.000000,R4,1993.000000,1993.000000,
62697,R000740,Patio,100.000000,,1993.000000,1993.000000,
62699,R000754,Main Area,1509.000000,R4,1996.000000,1996.000000,
62702,R000766,Deck,135.000000,,1996.000000,1996.000000,
62704,R000791,Fireplace,1.000000,R4,1995.000000,1998.000000,
62705,R000806,Fireplace,1.000000,R4,1996.000000,2016.000000,
62705,R000806,Out Bldg,195.000000,,2016.000000,2016.000000,
62707,R000835,Fireplace,1.000000,R4,1996.000000,2005.000000,
62707,R000835,Main Area,1697.000000,R4,1996.000000,2005.000000,
62708,R000841,Open Porch,20.000000,R4,1996.000000,2003.000000,
62719,R000923,Open Porch,238.000000,R4,1996.000000,1996.000000,
62722,R000950,Fireplace,1.000000,R4,1996.000000,1996.000000,
62724,R000960,Open Porch,10.000000,R4,1993.000000,1993.000000,
62726,R000979,Garage,757.000000,R4,1994.000000,1994.000000,
62726,R000979,Patio,100.000000,,1994.000000,1994.000000,
62728,R001006,Out Bldg,96.000000,,2018.000000,2018.000000,
62728,R001006,Patio,230.000000,,1993.000000,1993.000000,
62730,R001022,Garage,441.000000,R4,1994.000000,2008.000000,
62731,R001024,Second Floor,612.000000,R4,1994.000000,1999.000000,
62732,R001025,Patio,200.000000,,1994.000000,1994.000000,
62733,R001031,Open Porch,58.000000,R4,1996.000000,1996.000000,
62734,R001033,Enclosed Garage,609.000000,R1,1997.000000,1997.000000,
62735,R001034,Second Floor,659.000000,R4,1994.000000,1994.000000,
62740,R001060,Patio,265.000000,,,,
62741,R001062,Fireplace,1.000000,R4,1996.000000,2003.000000,
62742,R001079,Main Area,1620.000000,R1,1997.000000,1997.000000,
62745,R001088,Open Porch,42.000000,R4,1996.000000,1996.000000,
62747,R001096,Fireplace,1.000000,R4,1996.000000,2002.000000,
62749,R001129,Open Porch,34.000000,R4,1996.000000,2009.000000,
62750,R001139,Garage,440.000000,R4,1996.000000,1996.000000,
62753,R001150,Open Porch,34.000000,R4,1996.000000,2003.000000,
62754,R001152,Enclosed Porch,132.000000,R4,,,
63333,R002130,Covered Patio,360.000000,,2015.000000,2015.000000,
63333,R002130,Covered Patio,36.000000,,2020.000000,2020.000000,
63336,R002136,Out Bldg,96.000000,,2011.000000,2011.000000,
63337,R002137,Out Bldg,400.000000,,1997.000000,1997.000000,
63341,R002143,Covered Patio,336.000000,,2006.000000,2006.000000,
63341,R002143,Garage,672.000000,M2,1984.000000,1984.000000,
63341,R002143,Open Porch,160.000000,M2,1984.000000,1984.000000,
63341,R002143,Open Porch,488.000000,M2,1984.000000,1984.000000,
63342,R002144,Covered Patio,200.000000,,2014.000000,2014.000000,
63342,R002144,Fireplace,1.000000,,,,
63343,R002145,Open Porch,120.000000,M3,,,
63345,R002147,Covered Patio,200.000000,,2011.000000,1984.000000,
63353,R002158,Covered Patio,144.000000,,,,
63353,R002158,Main Area,880.000000,M2,2006.000000,2006.000000,
63358,R002163,Main Area,1736.000000,M4,1995.000000,2010.000000,
63360,R002165,Out Bldg,400.000000,,,,
63371,R002179,Open Porch,220.000000,R1,2018.000000,2018.000000,
63372,R002180,Deck,200.000000,,,,
63372,R002180,Main Area,952.000000,M2,1978.000000,1978.000000,
63377,R002186,Out Bldg,120.000000,R3,2021.000000,2021.000000,
63379,R002188,Covered Patio,64.000000,,,,
63380,R002189,Open Porch,84.000000,R4,2016.000000,2016.000000,
63380,R002189,Open Porch,262.000000,R4,2016.000000,2016.000000,
63381,R002191,Garage,462.000000,R3,2000.000000,2000.000000,
63383,R002193,Main Area,1368.000000,M3,2009.000000,2009.000000,
63384,R002194,Main Area,392.000000,M3,2022.000000,2022.000000,
63385,R002196,Enclosed Porch,220.000000,M2,2000.000000,2000.000000,
63389,R002201,Out Bldg,240.000000,,2000.000000,2000.000000,
63391,R002205,Main Area,1040.000000,R1,1984.000000,1992.000000,
63391,R002205,Covered Patio,60.000000,,,,
63394,R002208,Detached Garage,400.000000,M2,,,
63396,R002210,Fireplace,1.000000,R3,1996.000000,1996.000000,
63396,R002210,Main Area,400.000000,R3,1996.000000,1996.000000,
63396,R002210,Second Floor,1086.000000,R3,1996.000000,1996.000000,
63396,R002210,Out Bldg,,,,,
63398,R002214,Out Bldg,100.000000,,2000.000000,2000.000000,
63399,R002215,Garage,342.000000,R3,2000.000000,2004.000000,
63568,R002392,Garage,378.000000,R3,1999.000000,2004.000000,
63569,R002393,Main Area,1516.000000,R2,1994.000000,1994.000000,
63569,R002393,Out Bldg,,,,,
63570,R002394,Fireplace,1.000000,R3,2000.000000,2000.000000,
63570,R002394,Main Area,1354.000000,R3,2000.000000,2000.000000,
63574,R002398,Open Porch,48.000000,R3,2000.000000,2000.000000,
63576,R002400,Open Porch,56.000000,R2,1996.000000,1996.000000,
63577,R002401,Main Area,1235.000000,R3,2000.000000,2000.000000,
63577,R002401,Open Porch,30.000000,R3,2000.000000,2000.000000,
63583,R002407,Garage,399.000000,R3,2000.000000,2004.000000,
63589,R002424,Fireplace,1.000000,R2,1995.000000,1995.000000,
63589,R002424,Patio,100.000000,,1995.000000,1995.000000,
63590,R002425,Garage,399.000000,R3,2000.000000,2000.000000,
63593,R002429,Out Bldg,120.000000,,2016.000000,2016.000000,
63594,R002430,Second Floor,948.000000,R3,1996.000000,1996.000000,
63595,R002431,Fireplace,1.000000,R3,1996.000000,1996.000000,
63596,R002432,Open Porch,76.000000,R3,1994.000000,1994.000000,
63600,R002437,Main Area,1041.000000,R3,1996.000000,1996.000000,
63600,R002437,Second Floor,1368.000000,R3,1996.000000,1996.000000,
63602,R002440,Open Porch,49.000000,R2,1995.000000,1995.000000,
63603,R002441,Open Porch,42.000000,R2,1995.000000,2006.000000,
63604,R002442,Fireplace,1.000000,R2,1994.000000,2007.000000,
63605,R002444,Open Porch,15.000000,R3,1996.000000,1996.000000,
63606,R002445,Garage,420.000000,R3,1996.000000,1996.000000,
63609,R002448,Garage,441.000000,R2,1996.000000,1996.000000,
63610,R002449,Fireplace,1.000000,R3,1996.000000,1996.000000,
63610,R002449,Garage,441.000000,R3,1996.000000,1996.000000,
63611,R002450,Garage,400.000000,R2,1994.000000,1994.000000,
63613,R002452,Fireplace,1.000000,R2,1995.000000,1995.000000,
63614,R002453,Covered Patio,120.000000,,1996.000000,1996.000000,
63614,R002453,Main Area,725.000000,R3,1996.000000,2000.000000,
63614,R002453,Open Porch,18.000000,R3,1996.000000,2000.000000,
63615,R002457,Open Porch,35.000000,R2,1994.000000,1999.000000,
63616,R002458,Main Area,1384.000000,R3,1997.000000,1997.000000,
62723,R000954,Garage,414.000000,R4,1995.000000,1995.000000,
62725,R000961,Garage,480.000000,R4,1993.000000,1993.000000,
62726,R000979,Main Area,1057.000000,R4,1994.000000,1994.000000,
62727,R000992,Fireplace,1.000000,R4,1993.000000,1993.000000,
62729,R001014,Patio,400.000000,,,,
62730,R001022,Deck,240.000000,,1994.000000,1994.000000,
62731,R001024,Second Floor,232.000000,R4,1994.000000,1999.000000,
62735,R001034,Garage,471.000000,R4,1994.000000,1994.000000,
62735,R001034,Patio,100.000000,,1994.000000,1994.000000,
62736,R001040,Main Area,336.000000,R4,,2002.000000,
62738,R001052,Open Porch,16.000000,R4,1996.000000,1996.000000,
62738,R001052,Open Porch,532.000000,R4,2022.000000,2022.000000,
62740,R001060,Out Bldg,168.000000,,,,
62740,R001060,Open Porch,42.000000,R4,1995.000000,2001.000000,
62742,R001079,Main Area,160.000000,R1,1997.000000,1997.000000,
62745,R001088,Patio,138.000000,,1996.000000,1996.000000,
62747,R001096,Garage,440.000000,R4,1996.000000,2002.000000,
62749,R001129,Patio,162.000000,,1996.000000,1996.000000,
62750,R001139,Main Area,1448.000000,R4,1996.000000,1996.000000,
62750,R001139,Open Porch,35.000000,R4,1996.000000,1996.000000,
62753,R001150,Main Area,180.000000,R4,1996.000000,2003.000000,
62758,R001170,Patio,837.000000,,2013.000000,2013.000000,
62759,R001182,Deck,120.000000,,1996.000000,1996.000000,
62759,R001182,Open Porch,15.000000,R4,1996.000000,2002.000000,
62761,R001193,Open Porch,23.000000,R4,1995.000000,2008.000000,
62763,R001204,Covered Porch,120.000000,EN,1993.000000,1997.000000,
62763,R001204,Covered Porch,1730.000000,EN,1993.000000,1997.000000,
62763,R001204,Fireplace,,,,1997.000000,
62763,R001204,Second Floor,1800.000000,EN,1993.000000,1997.000000,
62764,R001209,Deck,190.000000,,1994.000000,1994.000000,
62764,R001209,Second Floor,902.000000,R4,1994.000000,1994.000000,
62767,R001218,Main Area,1568.000000,R4,1995.000000,2008.000000,
62768,R001219,Garage,483.000000,R4,1994.000000,1994.000000,
63399,R002215,Open Porch,48.000000,R3,2000.000000,2004.000000,
63400,R002216,Deck,105.000000,,2000.000000,2000.000000,
63401,R002217,Main Area,1523.000000,R3,1996.000000,2001.000000,
63402,R002218,Main Area,1635.000000,R3,1996.000000,1996.000000,
63403,R002219,Garage,420.000000,R3,1996.000000,2011.000000,
63403,R002219,Patio,100.000000,,1996.000000,1996.000000,
63407,R002227,Fireplace,1.000000,R3,1996.000000,1996.000000,
63410,R002232,Fireplace,1.000000,R3,1993.000000,2003.000000,
63413,R002235,Fireplace,1.000000,R3,1993.000000,2001.000000,
63413,R002235,Garage,437.000000,R3,1993.000000,2001.000000,
63413,R002235,Main Area,1507.000000,R3,1993.000000,2001.000000,
63414,R002236,Garage,504.000000,R3,1993.000000,1993.000000,
63414,R002236,Main Area,1190.000000,R3,1993.000000,1993.000000,
63417,R002241,Garage,420.000000,R3,1994.000000,1994.000000,
63417,R002241,Open Porch,210.000000,R3,1994.000000,1994.000000,
63418,R002242,Fireplace,1.000000,R3,1994.000000,1994.000000,
63421,R002245,Fireplace,1.000000,R3,1999.000000,1999.000000,
63422,R002246,Fireplace,1.000000,R3,1996.000000,1996.000000,
63424,R002248,Garage,440.000000,R3,1994.000000,1998.000000,
63424,R002248,Open Porch,168.000000,R3,1994.000000,1998.000000,
63425,R002249,Fireplace,1.000000,R3,2000.000000,2000.000000,
63435,R002259,Fireplace,1.000000,R3,1996.000000,1996.000000,
63437,R002261,Canopy,612.000000,,2017.000000,2017.000000,
63442,R002266,Main Area,1193.000000,R2,1996.000000,1996.000000,
63457,R002281,Main Area,1516.000000,R2,1994.000000,1994.000000,
63467,R002291,Fireplace,1.000000,R3,1996.000000,2001.000000,
63467,R002291,Main Area,1961.000000,R3,1996.000000,2001.000000,
63475,R002299,Garage,399.000000,R3,2000.000000,2000.000000,
63486,R002310,Main Area,1504.000000,R2,1993.000000,1999.000000,
63496,R002320,Main Area,1430.000000,R3,1996.000000,1996.000000,
63545,R002369,Patio,107.000000,,2000.000000,2000.000000,
63562,R002386,Fireplace,1.000000,R3,1995.000000,1995.000000,
63617,R002460,Patio,16.000000,,1995.000000,1995.000000,
63618,R002461,Out Bldg,100.000000,,,,
63619,R002462,Out Bldg,144.000000,,,,
63620,R002463,Main Area,1517.000000,R3,1996.000000,1996.000000,
63620,R002463,Open Porch,130.000000,R3,1996.000000,1996.000000,
63621,R002464,Covered Patio,360.000000,,1997.000000,1997.000000,
63621,R002464,Out Bldg,70.000000,,2016.000000,2016.000000,
63623,R002466,Garage,441.000000,R2,1997.000000,1997.000000,
63623,R002466,Open Porch,42.000000,R2,1997.000000,1997.000000,
63625,R002468,Open Porch,360.000000,R3,1993.000000,2000.000000,
63627,R002470,Open Porch,71.000000,R3,1993.000000,1993.000000,
63629,R002472,Patio,100.000000,,1993.000000,1993.000000,
63632,R002476,Main Area,1467.000000,R3,1993.000000,1993.000000,
63633,R002477,Main Area,1268.000000,R2,1985.000000,1985.000000,
63634,R002479,Open Porch,42.000000,R3,1999.000000,2004.000000,
63636,R002481,Main Area,1390.000000,R3,1995.000000,1995.000000,
63637,R002482,Carport,240.000000,,2017.000000,2017.000000,
63637,R002482,Garage,399.000000,R3,1996.000000,2000.000000,
63638,R002483,Enclosed Porch,240.000000,R3,1992.000000,1992.000000,
63638,R002483,Garage,399.000000,R3,1992.000000,1992.000000,
63638,R002483,Open Porch,33.000000,R3,1992.000000,1992.000000,
63642,R002487,Concrete Pool,986.000000,,,,
63642,R002487,Patio,1806.000000,,,,
63643,R002488,Fireplace,1.000000,R3,1995.000000,1999.000000,
63643,R002488,Open Porch,36.000000,R3,1995.000000,1999.000000,
63646,R002493,Garage,460.000000,R3,1992.000000,1999.000000,
63648,R002495,Main Area,1161.000000,R3,1994.000000,2000.000000,
63648,R002495,Second Floor,370.000000,R3,1994.000000,2000.000000,
63651,R002498,Open Porch,24.000000,R3,1995.000000,1995.000000,
63652,R002500,Open Porch,35.000000,R2,1994.000000,1999.000000,
63654,R002502,Patio,81.000000,,1999.000000,1999.000000,
63657,R002505,Fireplace,1.000000,R3,1995.000000,2001.000000,
63658,R002506,Fireplace,1.000000,R3,1999.000000,1999.000000,
63563,R002387,Main Area,813.000000,R3,1996.000000,1996.000000,
63563,R002387,Second Floor,1140.000000,R3,1996.000000,1996.000000,
63563,R002387,Patio,225.000000,,1996.000000,1996.000000,
63564,R002388,Fireplace,1.000000,R2,1994.000000,1999.000000,
63565,R002389,Main Area,1172.000000,R3,1999.000000,1999.000000,
63565,R002389,Second Floor,532.000000,R3,1999.000000,1999.000000,
63568,R002392,Patio,254.000000,,1999.000000,1999.000000,
63569,R002393,Garage,420.000000,R2,1994.000000,1994.000000,
63570,R002394,Patio,80.000000,,2000.000000,2000.000000,
63576,R002400,Covered Patio,100.000000,,1996.000000,1996.000000,
63577,R002401,Garage,380.000000,R3,2000.000000,2000.000000,
63577,R002401,Patio,90.000000,,2000.000000,2000.000000,
63580,R002404,Garage,462.000000,R2,1996.000000,1996.000000,
63584,R002410,Fireplace,1.000000,R3,1995.000000,1995.000000,
63584,R002410,Garage,420.000000,R3,1995.000000,1995.000000,
63589,R002424,Main Area,1011.000000,R2,1995.000000,1995.000000,
63589,R002424,Open Porch,42.000000,R2,1995.000000,1995.000000,
63590,R002425,Open Porch,50.000000,R3,2000.000000,2000.000000,
63591,R002427,Fireplace,1.000000,R3,2000.000000,2000.000000,
63591,R002427,Main Area,1293.000000,R3,2000.000000,2000.000000,
63594,R002430,Fireplace,1.000000,R3,1996.000000,1996.000000,
63594,R002430,Main Area,552.000000,R3,1996.000000,1996.000000,
63595,R002431,Garage,441.000000,R3,1996.000000,1996.000000,
63601,R002439,Garage,492.000000,R2,1993.000000,2008.000000,
63601,R002439,Open Porch,32.000000,R2,1993.000000,2008.000000,
63603,R002441,Garage,330.000000,R2,1995.000000,2006.000000,
63608,R002447,Fireplace,1.000000,R3,1995.000000,1995.000000,
63608,R002447,Open Porch,40.000000,R3,1995.000000,1995.000000,
63609,R002448,Main Area,1153.000000,R2,1996.000000,1996.000000,
63609,R002448,Patio,100.000000,,1996.000000,1996.000000,
63611,R002450,Fireplace,1.000000,R2,1994.000000,1994.000000,
63613,R002452,Main Area,350.000000,R2,2011.000000,1995.000000,
63614,R002453,Fireplace,1.000000,R3,1996.000000,2000.000000,
63658,R002506,Main Area,1226.000000,R3,1999.000000,1999.000000,
63666,R002516,Out Bldg,40.000000,,2017.000000,2017.000000,
63666,R002516,Open Porch,68.000000,R3,1994.000000,1999.000000,
63668,R002519,Fireplace,1.000000,R3,1999.000000,2003.000000,
63668,R002519,Garage,399.000000,R3,1999.000000,2003.000000,
63670,R002521,Open Porch,48.000000,R3,2000.000000,2000.000000,
63671,R002522,Deck,88.000000,,2009.000000,2009.000000,
63671,R002522,Garage,462.000000,R2,1996.000000,2002.000000,
63671,R002522,Patio,24.000000,,2009.000000,2009.000000,
63676,R002530,Patio,98.000000,,1994.000000,1994.000000,
63681,R002538,Fireplace,1.000000,R2,1997.000000,2001.000000,
63682,R002540,Garage,436.000000,R2,1993.000000,1993.000000,
63684,R002543,Main Area,1358.000000,R2,1986.000000,1993.000000,
63684,R002543,Patio,90.000000,,2009.000000,1986.000000,
63686,R002547,Fireplace,1.000000,R3,1999.000000,1999.000000,
63686,R002547,Garage,378.000000,R3,1999.000000,1999.000000,
63687,R002548,Fireplace,1.000000,R3,1993.000000,1993.000000,
63687,R002548,Garage,483.000000,R3,1993.000000,1993.000000,
63687,R002548,Open Porch,414.000000,R3,1993.000000,1993.000000,
63689,R002550,Fireplace,1.000000,R3,2000.000000,2000.000000,
63690,R002551,Out Bldg,192.000000,,2017.000000,2017.000000,
63692,R002553,Open Porch,16.000000,R3,2000.000000,2000.000000,
63695,R002556,Open Porch,18.000000,R3,1994.000000,1994.000000,
63697,R002558,Fireplace,1.000000,R3,1999.000000,1999.000000,
63701,R002562,Main Area,1836.000000,R3,1996.000000,1996.000000,
63703,R002566,Fireplace,1.000000,R3,1999.000000,2010.000000,
63706,R002569,Out Bldg,140.000000,,2023.000000,2023.000000,
63706,R002569,Open Porch,24.000000,R2,1986.000000,2001.000000,
63708,R002574,Open Porch,16.000000,R3,1996.000000,1996.000000,
63709,R002576,Main Area,1268.000000,R2,1986.000000,1986.000000,
63710,R002577,Fireplace,1.000000,R3,1995.000000,1995.000000,
63711,R002581,Second Floor,900.000000,R2,1994.000000,1998.000000,
63714,R002586,Patio,100.000000,,1996.000000,1996.000000,
62671,R000576,Garage,753.000000,R4,1993.000000,1993.000000,
62671,R000576,Main Area,1223.000000,R4,1993.000000,1993.000000,
62672,R000581,Canopy,187.000000,,2023.000000,2023.000000,
62673,R000586,Garage,757.000000,R4,1994.000000,1994.000000,
62676,R000600,Main Area,1795.000000,R4,1994.000000,1994.000000,
62676,R000600,Patio,338.000000,,1994.000000,1994.000000,
62680,R000654,Garage,420.000000,R4,1996.000000,2002.000000,
62683,R000673,Garage,725.000000,R4,1995.000000,1995.000000,
62683,R000673,Patio,431.000000,,1995.000000,1995.000000,
62686,R000691,Patio,80.000000,,1996.000000,1996.000000,
62688,R000693,Open Porch,22.000000,R4,1996.000000,2003.000000,
62695,R000734,Fireplace,1.000000,R4,1993.000000,2000.000000,
62699,R000754,Second Floor,1769.000000,R4,1996.000000,1996.000000,
62700,R000759,Second Floor,1200.000000,R4,1995.000000,1995.000000,
62701,R000762,Main Area,1475.000000,R4,1996.000000,1996.000000,
62702,R000766,Garage,462.000000,R4,1996.000000,1996.000000,
62706,R000811,Open Porch,30.000000,R4,1996.000000,1996.000000,
62709,R000848,Covered Patio,165.000000,,1996.000000,2016.000000,
62709,R000848,Garage,462.000000,R4,1996.000000,2016.000000,
62711,R000852,Patio,154.000000,,1996.000000,1996.000000,
62716,R000906,Fireplace,1.000000,R4,1996.000000,1996.000000,
62717,R000916,Fireplace,1.000000,R4,1996.000000,1996.000000,
62717,R000916,Open Porch,34.000000,R4,1996.000000,1996.000000,
62718,R000919,Fireplace,1.000000,R4,1996.000000,1996.000000,
62720,R000940,Garage,400.000000,R4,1996.000000,2009.000000,
62729,R001014,Garage,725.000000,R4,,,
62729,R001014,Open Porch,100.000000,R4,2004.000000,2004.000000,
62730,R001022,Fireplace,1.000000,R4,1994.000000,2008.000000,
62731,R001024,Main Area,1333.000000,R4,1994.000000,1999.000000,
62731,R001024,Open Porch,36.000000,R4,1994.000000,1999.000000,
62732,R001025,Fireplace,1.000000,R4,1994.000000,1994.000000,
62732,R001025,Garage,420.000000,R4,1994.000000,1994.000000,
62732,R001025,Open Porch,26.000000,R4,1994.000000,1994.000000,
62733,R001031,Garage,462.000000,R4,1996.000000,1996.000000,
